[
    {
      "postId": 1,
      "id": 1,
      "name": "Felicidades!",
      "email": "khonkho@icloud.com",
      "body": "Sigue asi!"
    },
    {
      "postId": 1,
      "id": 2,
      "name": "Gran proyecto",
      "email": "Jayne_Kuhic@sydney.com",
      "body": "est natus enim nihil est dolore omnis voluptatem numquam\net omnis occaecati quod ullam at\nvoluptatem error expedita pariatur\nnihil sint nostrum voluptatem reiciendis et"
    },
    {
      "postId": 1,
      "id": 3,
      "name": "odio adipisci rerum aut animi",
      "email": "Nikita@garfield.biz",
      "body": "quia molestiae reprehenderit quasi aspernatur\naut expedita occaecati aliquam eveniet laudantium\nomnis quibusdam delectus saepe quia accusamus maiores nam est\ncum et ducimus et vero voluptates excepturi deleniti ratione"
    },
    {
      "postId": 1,
      "id": 4,
      "name": "alias odio sit",
      "email": "Lew@alysha.tv",
      "body": "non et atque\noccaecati deserunt quas accusantium unde odit nobis qui voluptatem\nquia voluptas consequuntur itaque dolor\net qui rerum deleniti ut occaecati"
    },
    {
      "postId": 1,
      "id": 5,
      "name": "vero eaque aliquid doloribus et culpa",
      "email": "Hayden@althea.biz",
      "body": "harum non quasi et ratione\ntempore iure ex voluptates in ratione\nharum architecto fugit inventore cupiditate\nvoluptates magni quo et"
    },
    {
      "postId": 2,
      "id": 6,
      "name": "Idk",
      "email": "devangelaguilar@gmail.com",
      "body": "Idk, sorry"
    }
]